security,symbol,market_cap,current_price,previous_price,day_low,day_high,year_week_low,year_week_high,sector,move,category
Lilly (Eli),LLY,754.275,839.96,734.9,821.84,858.0,677.09,972.53,Health Care,14.3,up
Fidelity National Information Services,FIS,39.504,74.58,68.64,70.22,75.32,66.51,91.98,Financials,8.65,up
Dollar Tree,DLTR,17.022,79.14,73.21,73.57,79.24,60.49,124.81,Consumer Staples,8.1,up
Diamondback Energy,FANG,40.478,137.64,130.22,132.63,139.22,114.0,214.5,Energy,5.7,up
Halliburton,HAL,19.42,22.53,21.43,21.77,22.68,18.72,39.37,Energy,5.13,up
APA Corporation,APA,5.826,16.11,15.37,15.62,16.27,13.58,33.41,Energy,4.81,up
Dollar General,DG,20.47,93.07,89.36,89.06,93.27,66.43,147.87,Consumer Staples,4.15,up
"Nike, Inc.",NKE,82.301,55.76,53.55,53.65,56.02,52.28,98.04,Consumer Discretionary,4.13,up
Seagate Technology,STX,16.043,75.78,72.82,72.91,76.44,63.19,115.32,Information Technology,4.06,up
Old Dominion,ODFL,32.679,153.75,147.85,149.05,154.82,145.79,233.26,Industrials,3.99,up
Best Buy,BBY,13.099,61.97,59.63,60.03,62.38,54.99,103.71,Consumer Discretionary,3.92,up
Baxter International,BAX,14.818,28.89,27.82,27.92,29.1,26.25,41.18,Health Care,3.85,up
Archer Daniels Midland,ADM,22.961,47.82,46.13,46.41,47.89,40.98,66.08,Consumer Staples,3.66,up
J.B. Hunt,JBHT,12.924,129.23,124.73,125.74,130.15,122.79,200.4,Industrials,3.61,up
Boeing,BA,121.815,161.9,156.47,157.04,163.9,128.88,196.95,Industrials,3.47,up
Devon Energy,DVN,19.658,30.31,29.3,29.68,30.81,25.89,53.2,Energy,3.45,up
Estée Lauder Companies (The),EL,19.594,54.47,52.66,53.14,55.31,48.37,149.91,Consumer Staples,3.44,up
Builders FirstSource,BLDR,13.301,116.94,113.06,113.22,118.61,110.84,203.14,Industrials,3.43,up
Bunge Global,BG,10.578,78.96,76.38,76.75,79.0,67.4,114.92,Consumer Staples,3.38,up
Occidental Petroleum,OXY,38.982,39.71,38.45,38.86,40.59,34.78,68.43,Energy,3.28,up
Kroger,KR,47.069,71.22,69.01,68.83,71.68,49.04,71.93,Consumer Staples,3.2,up
D. R. Horton,DHI,38.901,121.25,117.54,117.54,123.0,110.44,199.85,Consumer Discretionary,3.16,up
Caesars Entertainment,CZR,5.408,25.51,24.75,24.67,25.67,21.4,45.93,Consumer Discretionary,3.07,up
ConocoPhillips,COP,112.486,88.98,86.36,87.69,90.45,79.88,130.77,Energy,3.03,up
Huntington Bancshares,HBAN,19.968,13.67,13.27,13.54,13.96,11.92,18.45,Financials,3.01,up
FirstEnergy,FE,24.251,42.02,40.8,40.86,42.4,37.23,44.97,Utilities,2.99,up
Uber,UBER,157.346,75.24,73.06,73.76,75.91,54.84,87.0,Industrials,2.98,up
Marathon Petroleum,MPC,39.789,127.72,124.07,125.6,128.89,115.1,203.06,Energy,2.94,up
Target Corporation,TGT,42.419,93.11,90.46,90.48,93.54,87.35,169.09,Consumer Staples,2.93,up
Kenvue,KVUE,44.878,23.39,22.73,22.72,23.52,17.67,24.46,Consumer Staples,2.9,up
First Solar,FSLR,13.725,127.98,124.38,123.2,128.38,116.56,306.77,Information Technology,2.89,up
Biogen,BIIB,17.362,118.61,115.29,114.66,118.77,110.04,238.0,Health Care,2.88,up
Interpublic Group of Companies (The),IPG,8.921,23.94,23.27,23.39,23.96,22.51,33.05,Communication Services,2.88,up
Las Vegas Sands,LVS,23.156,32.77,31.86,32.13,33.07,30.18,56.61,Consumer Discretionary,2.86,up
Omnicom Group,OMC,14.343,73.24,71.24,71.76,73.3,69.13,107.0,Communication Services,2.81,up
Schlumberger,SLB,47.745,35.11,34.15,34.13,35.46,31.11,51.77,Energy,2.81,up
Costco,COST,441.243,994.5,967.75,971.99,999.92,702.0,1078.23,Consumer Staples,2.76,up
Valero Energy,VLO,34.61,110.06,107.13,108.47,111.17,99.0,168.85,Energy,2.73,up
Colgate-Palmolive,CL,77.459,95.5,92.97,93.28,96.03,85.32,109.3,Consumer Staples,2.72,up
Norfolk Southern,NSC,49.736,219.84,214.03,214.5,221.39,201.63,277.6,Industrials,2.71,up
ExxonMobil,XOM,462.46,106.92,104.19,104.66,108.55,97.8,126.34,Energy,2.62,up
Home Depot (The),HD,352.904,355.06,345.99,348.37,357.5,323.77,439.37,Consumer Discretionary,2.62,up
Phillips 66,PSX,40.377,99.1,96.57,97.71,100.29,91.01,159.25,Energy,2.62,up
Deckers Brands,DECK,16.038,105.67,103.02,103.02,105.94,93.72,223.98,Consumer Discretionary,2.57,up
Procter & Gamble,PG,400.102,170.63,166.39,167.35,171.65,153.52,180.43,Consumer Staples,2.55,up
Align Technology,ALGN,12.549,171.41,167.18,166.39,171.76,141.74,327.49,Health Care,2.53,up
Regeneron Pharmaceuticals,REGN,61.567,563.16,549.28,545.0,563.91,525.99,1211.2,Health Care,2.53,up
Western Digital,WDC,12.699,36.51,35.62,35.51,36.69,28.83,61.64,Information Technology,2.5,up
Dow Inc.,DOW,19.867,28.15,27.47,27.73,28.41,25.06,60.19,Materials,2.48,up
Walt Disney Company (The),DIS,153.319,84.81,82.77,83.41,85.78,80.1,118.63,Communication Services,2.46,up
Ford Motor Company,F,38.294,9.63,9.4,9.4,9.69,8.44,14.85,Consumer Discretionary,2.45,up
McCormick & Company,MKC,20.2,75.32,73.54,73.73,75.71,66.88,86.24,Consumer Staples,2.42,up
Public Storage,PSA,51.925,296.01,289.03,291.29,298.49,256.31,369.99,Real Estate,2.41,up
Warner Bros. Discovery,WBD,19.908,8.11,7.92,7.95,8.19,6.64,12.7,Communication Services,2.4,up
Synchrony Financial,SYF,18.609,47.87,46.76,46.42,48.06,39.85,70.93,Financials,2.37,up
United Parcel Service,UPS,81.728,96.43,94.2,94.78,97.32,90.55,153.42,Industrials,2.37,up
Church & Dwight,CHD,25.933,105.37,102.96,103.09,105.87,96.35,116.46,Consumer Staples,2.34,up
Brown–Forman,BF.B,15.928,33.79,33.02,33.08,33.87,30.48,49.89,Consumer Staples,2.33,up
Ulta Beauty,ULTA,16.209,357.75,349.59,349.6,359.17,309.01,460.0,Consumer Discretionary,2.33,up
Crown Castle,CCI,45.107,103.59,101.25,101.4,104.32,84.2,120.92,Real Estate,2.31,up
Johnson & Johnson,JNJ,379.479,157.47,153.91,154.16,159.44,140.68,169.99,Health Care,2.31,up
Viatris,VTRS,9.024,7.56,7.39,7.39,7.62,6.85,13.55,Health Care,2.3,up
Henry Schein,HSIC,7.93,64.73,63.29,63.13,64.78,60.56,82.49,Health Care,2.28,up
Idexx Laboratories,IDXX,33.347,411.49,402.38,402.86,412.62,356.14,548.88,Health Care,2.26,up
Kraft Heinz,KHC,35.158,29.46,28.81,28.84,29.57,27.25,38.96,Consumer Staples,2.26,up
PulteGroup,PHM,19.14,94.95,92.86,93.11,95.59,88.07,149.47,Consumer Discretionary,2.25,up
Kimberly-Clark,KMB,47.363,142.81,139.7,140.22,143.43,124.1,150.45,Consumer Staples,2.23,up
Walmart,WMT,747.331,93.22,91.19,91.63,93.87,58.56,105.3,Consumer Staples,2.23,up
AES Corporation,AES,7.247,10.18,9.96,9.95,10.26,9.86,22.21,Utilities,2.21,up
Ralph Lauren Corporation,RL,12.754,206.5,202.05,202.6,207.72,155.96,289.33,Consumer Discretionary,2.2,up
Clorox,CLX,17.219,139.78,136.8,137.29,140.33,127.6,171.37,Consumer Staples,2.18,up
Paramount Global,PARA,7.822,10.94,10.71,10.69,11.02,9.54,14.54,Communication Services,2.15,up
American Tower,AMT,104.231,222.66,218.0,218.26,224.36,170.46,243.56,Real Estate,2.14,up
Extra Space Storage,EXR,31.283,141.18,138.22,139.05,142.1,121.03,184.87,Real Estate,2.14,up
Lowe's,LOW,122.576,219.0,214.41,216.22,220.69,206.39,287.01,Consumer Discretionary,2.14,up
Kimco Realty,KIM,13.991,20.59,20.16,20.22,20.85,17.58,25.83,Real Estate,2.13,up
Discover Financial,DFS,40.164,159.63,156.31,155.54,161.52,119.95,205.76,Financials,2.12,up
Mid-America Apartment Communities,MAA,18.846,157.08,153.82,154.07,157.95,124.01,173.38,Real Estate,2.12,up
Hess Corporation,HES,40.408,130.64,127.95,129.51,133.16,123.79,163.98,Energy,2.1,up
EOG Resources,EOG,60.946,110.5,108.24,108.81,112.68,102.52,138.18,Energy,2.09,up
Goldman Sachs,GS,158.344,509.49,499.05,499.12,514.83,402.41,672.19,Financials,2.09,up
Regency Centers,REG,13.087,71.66,70.21,70.5,72.24,56.94,78.18,Real Estate,2.07,up
"NVR, Inc.",NVR,21.347,7190.07,7045.01,7093.2,7212.12,6562.85,9964.77,Consumer Discretionary,2.06,up
Baker Hughes,BKR,38.535,38.91,38.13,38.64,39.48,30.93,49.4,Energy,2.05,up
State Street Corporation,STT,23.451,81.26,79.63,75.5,83.04,70.2,103.0,Financials,2.05,up
International Flavors & Fragrances,IFF,18.541,72.5,71.06,71.34,74.0,65.85,106.77,Materials,2.03,up
Merck & Co.,MRK,196.278,78.0,76.46,76.88,78.75,75.93,134.63,Health Care,2.01,up
Aptiv,APTV,11.865,51.71,50.71,50.78,52.26,47.19,85.56,Consumer Discretionary,1.97,up
Constellation Brands,STZ,33.734,186.63,183.03,183.04,187.17,160.46,265.7,Consumer Staples,1.97,up
FedEx,FDX,49.729,207.55,203.56,204.75,209.79,194.3,313.84,Industrials,1.96,up
PepsiCo,PEP,195.878,142.84,140.09,140.07,143.57,138.33,183.41,Consumer Staples,1.96,up
O’Reilly Automotive,ORLY,79.616,1390.9,1364.36,1370.68,1398.77,947.49,1458.37,Consumer Discretionary,1.95,up
Charter Communications,CHTR,48.137,338.96,332.5,334.07,342.22,236.08,415.27,Communication Services,1.94,up
Lennar,LEN,27.484,104.73,102.76,102.82,105.23,98.42,187.61,Consumer Discretionary,1.92,up
Iron Mountain,IRM,24.736,84.21,82.63,83.58,85.31,72.33,130.24,Real Estate,1.91,up
Camden Property Trust,CPT,12.216,112.28,110.2,110.71,113.48,94.88,127.69,Real Estate,1.89,up
Edison International,EIX,22.097,57.39,56.33,56.56,58.17,49.06,88.77,Utilities,1.88,up
Hologic,HOLX,12.993,57.56,56.5,55.89,57.75,55.89,84.67,Health Care,1.88,up
Host Hotels & Resorts,HST,9.598,13.66,13.41,13.49,13.82,12.22,19.87,Real Estate,1.86,up
Campbell's Company (The),CPB,11.191,37.53,36.85,36.67,37.71,36.02,52.81,Consumer Staples,1.85,up
Chevron Corporation,CVX,240.82,137.87,135.36,136.45,140.22,132.04,168.96,Energy,1.85,up
Citigroup,C,118.132,63.25,62.1,61.84,63.77,53.51,84.74,Financials,1.85,up
Electronic Arts,EA,37.949,145.61,142.97,142.97,146.09,115.21,168.5,Communication Services,1.85,up
Realty Income,O,52.008,58.32,57.26,57.2,58.62,50.71,64.88,Real Estate,1.85,up
Coca-Cola Company (The),KO,314.161,73.0,71.68,71.72,73.43,58.54,73.95,Consumer Staples,1.84,up
General Mills,GIS,31.493,57.51,56.47,56.45,57.79,55.15,75.9,Consumer Staples,1.84,up
TE Connectivity,TEL,38.559,129.24,126.9,127.03,130.5,116.3,159.98,Information Technology,1.84,up
Rockwell Automation,ROK,26.266,232.29,228.11,230.0,236.8,215.0,308.7,Industrials,1.83,up
CDW Corporation,CDW,19.959,151.47,148.77,149.35,152.74,137.31,248.12,Information Technology,1.81,up
Huntington Ingalls Industries,HII,8.611,219.48,215.6,213.58,220.38,158.88,285.81,Industrials,1.8,up
Norwegian Cruise Line Holdings,NCLH,7.261,16.38,16.09,15.98,16.51,14.21,29.29,Consumer Discretionary,1.8,up
Otis Worldwide,OTIS,38.977,98.52,96.78,97.12,99.24,89.7,106.83,Industrials,1.8,up
Prologis,PLD,94.644,102.1,100.29,101.0,103.67,85.35,132.57,Real Estate,1.8,up
Federal Realty Investment Trust,FRT,8.096,93.72,92.07,92.06,94.5,80.65,118.34,Real Estate,1.79,up
Equity Residential,EQR,27.464,68.24,67.05,67.04,69.24,59.41,78.83,Real Estate,1.77,up
Invitation Homes,INVH,20.605,33.62,33.04,33.03,34.01,29.37,37.8,Real Estate,1.76,up
W. W. Grainger,GWW,48.301,1002.69,985.33,987.91,1013.43,874.98,1227.66,Industrials,1.76,up
Hewlett Packard Enterprise,HPE,19.888,15.14,14.88,14.75,15.26,11.97,24.66,Information Technology,1.75,up
Mohawk Industries,MHK,6.42,102.69,100.92,100.77,103.41,96.24,164.29,Consumer Discretionary,1.75,up
Charles River Laboratories,CRL,5.209,106.05,104.25,102.65,106.23,91.86,254.15,Health Care,1.73,up
Conagra Brands,CAG,12.092,25.33,24.9,24.86,25.4,23.06,33.24,Consumer Staples,1.73,up
Dell Technologies,DELL,59.177,84.8,83.36,82.9,85.42,66.25,179.7,Information Technology,1.73,up
Digital Realty,DLR,51.69,150.75,148.18,149.26,151.94,129.95,198.0,Real Estate,1.73,up
Genuine Parts Company,GPC,15.835,114.1,112.17,112.41,114.44,104.01,164.45,Consumer Discretionary,1.72,up
Honeywell,HON,126.464,196.6,193.28,194.98,198.33,179.36,242.77,Industrials,1.72,up
Philip Morris International,PM,254.035,163.21,160.48,161.4,164.55,90.65,164.55,Consumer Staples,1.7,up
American Electric Power,AEP,57.516,107.71,105.92,106.67,109.03,80.77,110.48,Utilities,1.69,up
Capital One,COF,62.334,162.77,160.06,158.42,164.78,128.23,210.67,Financials,1.69,up
Oneok,OKE,53.861,86.23,84.8,85.89,88.12,75.47,118.07,Energy,1.69,up
Union Pacific Corporation,UNP,132.006,220.26,216.6,217.3,222.24,204.66,258.07,Industrials,1.69,up
AvalonBay Communities,AVB,28.955,203.38,200.06,200.67,205.0,180.17,239.29,Real Estate,1.66,up
PPG Industries,PPG,22.709,100.05,98.42,98.68,101.0,90.24,137.24,Materials,1.66,up
Texas Pacific Land Corporation,TPL,29.849,1298.64,1277.58,1283.56,1321.9,555.71,1769.14,Energy,1.65,up
Cooper Companies (The),COO,15.899,79.51,78.23,77.98,79.76,69.81,112.38,Health Care,1.64,up
Expand Energy,EXE,24.776,106.47,104.75,105.69,107.29,69.12,114.03,Energy,1.64,up
"Williams-Sonoma, Inc.",WSM,17.194,139.21,136.96,136.49,140.15,125.33,219.98,Consumer Discretionary,1.64,up
Pool Corporation,POOL,11.551,306.25,301.35,303.01,309.04,284.27,395.6,Consumer Discretionary,1.63,up
Textron,TXT,11.994,66.04,64.98,64.72,66.82,57.7,95.86,Industrials,1.63,up
Tractor Supply,TSCO,26.666,50.16,49.36,49.49,50.5,46.97,61.53,Consumer Discretionary,1.62,up
Avery Dennison,AVY,13.491,170.85,168.15,169.23,172.07,157.0,233.48,Materials,1.61,up
Exelon,EXC,47.711,47.26,46.51,46.72,47.92,34.01,48.11,Utilities,1.61,up
Microchip Technology,MCHP,20.738,38.56,37.95,37.58,38.71,34.13,100.57,Information Technology,1.61,up
Simon Property Group,SPG,56.696,150.4,148.05,148.83,152.07,136.34,190.14,Real Estate,1.59,up
LKQ Corporation,LKQ,10.867,42.03,41.38,41.15,42.07,35.56,49.5,Consumer Discretionary,1.57,up
Paccar,PCAR,46.284,88.17,86.81,87.0,88.72,85.1,118.81,Industrials,1.57,up
Altria,MO,98.078,58.16,57.27,57.5,58.51,41.11,60.18,Consumer Staples,1.55,up
MGM Resorts,MGM,8.252,28.9,28.46,28.36,29.24,25.3,47.26,Consumer Discretionary,1.55,up
NetApp,NTAP,17.049,82.61,81.35,81.66,83.33,71.84,135.45,Information Technology,1.55,up
Enphase Energy,ENPH,6.893,52.54,51.75,49.4,52.68,47.48,141.63,Information Technology,1.53,up
HP Inc.,HPQ,22.465,23.83,23.47,23.55,24.0,21.21,39.8,Information Technology,1.53,up
Vici Properties,VICI,34.385,32.54,32.05,32.17,32.83,27.15,34.29,Real Estate,1.53,up
Amcor,AMCR,13.572,9.39,9.25,9.26,9.48,8.37,11.48,Materials,1.51,up
Lennox International,LII,19.739,556.15,547.86,548.04,560.49,445.63,682.5,Industrials,1.51,up
DuPont,DD,25.168,60.14,59.25,59.84,61.15,53.77,90.06,Materials,1.5,up
SBA Communications,SBAC,24.745,229.06,225.67,226.35,231.29,183.64,252.64,Real Estate,1.5,up
Sysco,SYY,35.097,71.74,70.69,70.88,72.51,67.12,82.23,Consumer Staples,1.49,up
Xcel Energy,XEL,40.396,70.13,69.1,69.5,71.03,51.97,73.38,Utilities,1.49,up
Hasbro,HAS,7.378,52.65,51.88,51.8,52.97,49.0,73.46,Consumer Discretionary,1.48,up
LyondellBasell,LYB,18.327,56.77,55.94,56.15,57.48,51.11,107.02,Materials,1.48,up
Southern Company,SO,101.008,91.81,90.47,90.81,93.04,69.43,94.45,Utilities,1.48,up
Equinix,EQIX,77.291,790.15,778.67,788.02,801.96,684.14,994.03,Real Estate,1.47,up
Healthpeak Properties,DOC,13.099,18.75,18.48,18.53,18.95,17.33,23.26,Real Estate,1.46,up
GE HealthCare,GEHC,28.556,62.37,61.48,61.7,62.84,57.65,94.8,Health Care,1.45,up
Hershey Company (The),HSY,33.745,166.59,164.23,162.77,167.14,140.13,211.92,Consumer Staples,1.44,up
C.H. Robinson,CHRW,10.775,91.14,89.86,90.18,91.84,68.98,114.82,Industrials,1.42,up
Caterpillar Inc.,CAT,140.631,294.25,290.14,291.9,297.7,267.3,418.5,Industrials,1.42,up
KeyCorp,KEY,15.636,14.27,14.07,14.22,14.7,12.73,20.04,Financials,1.42,up
Nucor,NUE,25.475,110.5,108.95,108.9,112.16,97.59,194.16,Materials,1.42,up
Smurfit Westrock,SW,21.584,41.35,40.77,40.78,41.77,37.01,56.99,Materials,1.42,up
Wynn Resorts,WYNN,7.938,74.77,73.73,73.62,75.19,65.25,107.81,Consumer Discretionary,1.41,up
Fastenal,FAST,46.796,81.58,80.45,80.66,82.06,61.36,84.88,Industrials,1.4,up
Live Nation Entertainment,LYV,29.402,127.22,125.46,125.14,128.74,86.81,157.75,Communication Services,1.4,up
"Rollins, Inc.",ROL,27.058,55.78,55.01,55.12,56.08,41.72,56.26,Industrials,1.4,up
Apple Inc.,AAPL,2959.0,196.98,194.27,194.42,198.83,164.08,260.1,Information Technology,1.39,up
Evergy,EVRG,15.726,68.37,67.43,67.61,69.24,50.36,70.3,Utilities,1.39,up
J.M. Smucker Company (The),SJM,12.391,116.44,114.84,115.11,116.92,98.77,125.42,Consumer Staples,1.39,up
American Water Works,AWK,28.94,148.4,146.4,146.41,149.54,115.09,155.5,Utilities,1.37,up
Comcast,CMCSA,128.592,34.01,33.55,33.72,34.29,32.2,45.31,Communication Services,1.37,up
Adobe Inc.,ADBE,148.659,348.8,344.19,345.09,351.88,332.01,587.75,Information Technology,1.34,up
Travelers Companies (The),TRV,57.97,255.86,252.48,251.79,257.51,200.21,269.56,Financials,1.34,up
Hormel Foods,HRL,16.816,30.58,30.18,30.11,30.68,27.59,36.86,Consumer Staples,1.33,up
Zoetis,ZTS,66.316,148.67,146.76,146.76,150.03,139.7,200.33,Health Care,1.3,up
KKR & Co.,KKR,95.392,103.37,102.05,102.42,104.94,86.15,170.4,Financials,1.29,up
Match Group,MTCH,7.267,29.02,28.65,28.53,29.17,26.39,38.84,Communication Services,1.29,up
Texas Instruments,TXN,135.068,148.44,146.55,145.92,150.16,139.95,220.39,Information Technology,1.29,up
"BXP, Inc.",BXP,11.268,63.88,63.07,63.37,64.81,54.22,90.11,Real Estate,1.28,up
NXP Semiconductors,NXPI,43.303,170.74,168.59,166.76,172.02,148.09,296.08,Information Technology,1.28,up
Invesco,IVZ,5.732,12.8,12.64,12.66,12.97,11.6,19.55,Financials,1.27,up
Mondelez International,MDLZ,87.216,67.32,66.48,66.37,67.85,53.95,76.06,Consumer Staples,1.26,up
PayPal,PYPL,60.344,61.0,60.24,60.13,61.47,55.85,93.66,Financials,1.26,up
Apollo Global Management,APO,72.325,126.78,125.21,125.02,127.89,95.11,189.49,Financials,1.25,up
Entergy,ETR,35.87,83.27,82.24,82.52,84.36,51.17,88.38,Utilities,1.25,up
Essex Property Trust,ESS,18.992,275.29,271.9,273.01,279.05,230.9,317.73,Real Estate,1.25,up
PPL Corporation,PPL,26.399,35.72,35.28,35.24,36.15,26.36,36.64,Utilities,1.25,up
Constellation Energy,CEG,64.755,206.68,204.19,203.6,208.82,155.6,352.0,Utilities,1.22,up
Morgan Stanley,MS,175.452,109.18,107.86,108.35,110.75,89.74,142.03,Financials,1.22,up
"Tapestry, Inc.",TPR,13.174,63.64,62.87,62.41,64.0,35.23,90.85,Consumer Discretionary,1.22,up
CSX Corporation,CSX,52.17,27.68,27.35,27.27,28.02,26.22,37.1,Industrials,1.21,up
eBay Inc.,EBAY,30.877,66.26,65.47,65.61,66.86,48.52,71.61,Consumer Discretionary,1.21,up
HCA Healthcare,HCA,82.48,335.01,331.0,331.07,338.66,289.98,417.14,Health Care,1.21,up
Carrier Global,CARR,51.753,59.9,59.19,59.24,60.39,53.33,83.32,Industrials,1.2,up
Duke Energy,DUK,94.641,121.8,120.35,120.5,123.55,94.21,125.27,Utilities,1.2,up
Darden Restaurants,DRI,23.431,200.22,197.87,197.27,202.91,135.87,211.0,Consumer Discretionary,1.19,up
MetLife,MET,49.423,72.55,71.7,71.92,73.45,65.21,89.05,Financials,1.19,up
Netflix,NFLX,416.22,973.03,961.63,956.0,984.7,542.01,1064.5,Communication Services,1.19,up
Ecolab,ECL,67.712,238.73,235.96,235.78,240.85,217.05,273.69,Materials,1.17,up
BlackRock,BLK,135.765,875.78,865.78,866.17,890.13,745.55,1084.22,Financials,1.16,up
DTE Energy,DTE,27.714,133.55,132.02,132.68,135.27,105.04,140.39,Utilities,1.16,up
Expeditors International,EXPD,14.699,106.7,105.48,105.79,107.43,100.47,131.59,Industrials,1.16,up
Masco,MAS,13.034,61.58,60.88,60.95,62.01,57.27,86.7,Industrials,1.15,up
Palantir Technologies,PLTR,219.948,93.78,92.71,92.27,95.11,20.33,125.41,Information Technology,1.15,up
ON Semiconductor,ON,14.62,34.64,34.25,33.65,34.82,31.04,80.08,Information Technology,1.14,up
Wells Fargo,WFC,211.063,64.71,63.98,64.07,65.71,50.15,81.5,Financials,1.14,up
Welltower,WELL,95.952,147.27,145.63,146.32,148.35,89.38,158.55,Real Estate,1.13,up
Xylem Inc.,XYL,26.871,110.42,109.19,109.26,111.51,100.47,146.08,Industrials,1.13,up
Mosaic Company (The),MOS,8.651,27.27,26.97,26.88,27.49,22.36,32.29,Materials,1.11,up
Pinnacle West Capital,PNW,11.26,94.45,93.41,93.65,96.12,71.99,96.5,Utilities,1.11,up
MarketAxess,MKTX,8.487,225.16,222.73,222.37,226.63,186.84,296.68,Financials,1.09,up
Targa Resources,TRGP,37.984,174.57,172.68,174.19,178.68,110.09,218.51,Energy,1.09,up
CF Industries,CF,12.468,74.9,74.1,74.34,75.39,67.34,98.25,Materials,1.08,up
United Rentals,URI,38.644,591.5,585.23,585.76,597.22,525.91,896.98,Industrials,1.07,up
Sempra,SRE,46.364,71.12,70.39,70.22,71.95,61.9,95.77,Utilities,1.04,up
TJX Companies,TJX,142.564,127.62,126.31,126.23,127.98,92.35,131.3,Consumer Discretionary,1.04,up
AutoZone,AZO,60.281,3603.47,3566.86,3575.19,3630.71,2728.97,3916.81,Consumer Discretionary,1.03,up
CenterPoint Energy,CNP,24.255,37.16,36.78,36.94,37.6,25.41,37.7,Utilities,1.03,up
CMS Energy,CMS,21.808,72.91,72.17,72.27,73.96,57.82,76.45,Utilities,1.03,up
DoorDash,DASH,76.138,181.24,179.39,177.98,182.89,99.32,215.24,Consumer Discretionary,1.03,up
"UDR, Inc.",UDR,15.561,41.29,40.87,41.13,41.81,35.14,47.55,Real Estate,1.03,up
JPMorgan Chase,JPM,644.64,231.96,229.61,230.55,234.33,179.97,280.25,Financials,1.02,up
NextEra Energy,NEE,136.504,66.31,65.64,65.97,67.34,61.72,86.1,Utilities,1.02,up
Zimmer Biomet,ZBH,19.373,97.92,96.94,96.82,98.37,96.58,123.96,Health Care,1.01,up
Steris,STE,21.834,222.23,220.02,220.15,224.47,197.84,248.24,Health Care,1.0,up
U.S. Bancorp,USB,59.592,38.2,37.82,37.81,38.68,35.18,53.98,Financials,1.0,up
Abbott Laboratories,ABT,227.161,130.98,129.7,129.66,132.71,99.71,141.23,Health Care,0.99,up
Verizon,VZ,188.932,44.04,43.61,43.58,44.48,37.59,47.36,Communication Services,0.99,up
Northern Trust,NTRS,17.215,88.29,87.43,86.94,89.53,79.68,114.67,Financials,0.98,up
Allegion,ALLE,10.903,126.35,125.13,125.52,127.27,113.27,156.1,Industrials,0.97,up
Domino's,DPZ,16.008,466.74,462.25,460.24,470.7,396.06,542.75,Consumer Discretionary,0.97,up
Generac,GNRC,6.66,111.72,110.65,110.68,112.84,99.5,195.94,Industrials,0.97,up
Raymond James Financial,RJF,27.347,133.46,132.18,133.28,135.66,104.24,174.32,Financials,0.97,up
WEC Energy Group,WEC,34.586,108.39,107.36,107.79,109.89,77.47,111.0,Utilities,0.96,up
Ingersoll Rand,IR,29.038,72.04,71.36,71.7,72.98,65.61,106.03,Industrials,0.95,up
Alexandria Real Estate Equities,ARE,13.465,77.84,77.12,77.29,78.81,71.57,130.14,Real Estate,0.93,up
Linde plc,LIN,213.813,452.12,447.99,449.69,455.15,408.65,487.49,Materials,0.92,up
Starbucks,SBUX,92.578,81.5,80.76,81.2,82.55,71.55,117.46,Consumer Discretionary,0.92,up
Steel Dynamics,STLD,17.731,118.29,117.21,117.73,120.13,103.17,155.56,Materials,0.92,up
T-Mobile US,TMUS,299.182,262.04,259.64,259.09,265.4,160.06,276.49,Communication Services,0.92,up
Corteva,CTVA,40.803,59.74,59.2,59.23,60.12,50.01,66.24,Materials,0.91,up
Emerson Electric,EMR,56.148,99.57,98.67,99.2,101.05,90.06,134.85,Industrials,0.91,up
Tyson Foods,TSN,21.803,61.21,60.66,60.88,61.85,53.61,66.88,Consumer Staples,0.91,up
Equifax,EFX,27.612,221.25,219.28,216.91,223.25,199.98,309.63,Industrials,0.9,up
Solventum,SOLV,11.463,66.26,65.67,65.49,67.22,47.16,85.92,Health Care,0.9,up
Zebra Technologies,ZBRA,11.596,226.73,224.76,224.13,229.31,205.73,427.76,Information Technology,0.88,up
Garmin,GRMN,36.674,190.61,188.96,188.47,191.87,138.86,246.5,Consumer Discretionary,0.87,up
Jabil,JBL,14.496,135.04,133.87,132.66,135.99,95.85,174.8,Information Technology,0.87,up
NiSource,NI,18.49,39.29,38.95,39.09,39.87,27.05,41.45,Utilities,0.87,up
T. Rowe Price,TROW,19.137,86.11,85.37,85.76,87.2,77.85,125.81,Financials,0.87,up
CoStar Group,CSGP,33.615,79.7,79.02,79.01,80.26,68.26,93.94,Real Estate,0.86,up
Coterra,CTRA,19.752,25.85,25.63,25.55,26.28,22.3,29.95,Energy,0.86,up
Prudential Financial,PRU,35.255,99.47,98.62,98.85,101.08,90.38,130.55,Financials,0.86,up
Weyerhaeuser,WY,18.734,25.81,25.59,25.63,26.07,24.1,34.03,Real Estate,0.86,up
TKO Group Holdings,TKO,12.169,149.22,147.96,147.38,150.23,94.32,179.09,Communication Services,0.85,up
M&T Bank,MTB,26.046,160.23,158.9,159.4,162.44,138.38,225.7,Financials,0.84,up
Incyte,INCY,11.265,58.21,57.73,57.08,58.69,50.35,83.95,Health Care,0.83,up
Keurig Dr Pepper,KDP,48.029,35.4,35.11,35.07,35.78,30.12,38.28,Consumer Staples,0.83,up
Walgreens Boots Alliance,WBA,9.417,10.89,10.8,10.8,10.9,8.08,18.83,Consumer Staples,0.83,up
BNY Mellon,BK,54.616,76.34,75.73,75.26,77.5,54.76,90.34,Financials,0.81,up
Cencora,COR,55.545,286.74,284.44,281.65,287.84,214.77,296.65,Health Care,0.81,up
MSCI Inc.,MSCI,42.44,546.89,542.56,543.0,555.03,439.95,642.45,Financials,0.8,up
Atmos Energy,ATO,25.006,157.54,156.31,156.3,159.2,110.97,159.2,Utilities,0.79,up
General Motors,GM,44.347,44.57,44.22,43.93,45.28,38.96,61.24,Consumer Discretionary,0.79,up
Monster Beverage,MNST,56.842,58.41,57.95,58.15,58.65,43.32,60.34,Consumer Staples,0.79,up
Blackstone Inc.,BX,158.901,130.39,129.38,128.64,132.5,115.66,200.96,Financials,0.78,up
AbbVie,ABBV,306.016,172.99,171.68,171.91,175.16,153.58,218.66,Health Care,0.76,up
Mastercard,MA,471.654,517.33,513.43,509.14,523.98,428.86,582.23,Financials,0.76,up
Trane Technologies,TT,74.725,333.16,330.64,327.05,335.46,286.32,422.0,Industrials,0.76,up
CarMax,KMX,9.862,64.59,64.11,63.63,64.76,63.23,91.25,Consumer Discretionary,0.75,up
Marriott International,MAR,60.695,220.41,218.79,218.46,222.42,204.55,307.52,Consumer Discretionary,0.74,up
News Corp (Class A),NWSA,15.423,25.86,25.67,25.65,25.97,22.65,30.69,Communication Services,0.74,up
Regions Financial Corporation,RF,17.485,19.31,19.17,18.86,21.39,17.72,27.96,Financials,0.73,up
Booking Holdings,BKNG,150.074,4573.31,4540.84,4527.02,4604.59,3180.0,5337.24,Consumer Discretionary,0.72,up
Wabtec,WAB,29.222,170.93,169.71,169.44,172.67,143.22,210.88,Industrials,0.72,up
McDonald's,MCD,222.602,311.3,309.1,307.13,312.99,243.53,326.32,Consumer Discretionary,0.71,up
Principal Financial Group,PFG,16.229,72.14,71.64,71.98,73.33,68.39,91.98,Financials,0.7,up
Stanley Black & Decker,SWK,8.841,57.21,56.81,56.72,58.18,53.91,110.88,Industrials,0.7,up
Lululemon Athletica,LULU,30.29,251.08,249.37,248.0,252.23,226.01,423.32,Consumer Discretionary,0.69,up
Ross Stores,ROST,45.915,139.63,138.68,138.22,140.45,122.36,163.6,Consumer Discretionary,0.69,up
Fortive,FTV,22.269,65.44,65.0,65.12,65.85,60.38,83.32,Industrials,0.68,up
"Nasdaq, Inc.",NDAQ,41.514,72.18,71.69,71.69,73.2,58.1,84.15,Financials,0.68,up
Qualcomm,QCOM,151.146,136.66,135.74,135.71,138.15,120.8,230.63,Information Technology,0.68,up
Carnival,CCL,24.374,17.99,17.87,17.69,18.22,13.78,28.72,Consumer Discretionary,0.67,up
Everest Group,EG,14.927,349.93,347.6,346.58,352.04,320.0,407.3,Financials,0.67,up
ResMed,RMD,31.269,212.91,211.49,202.0,214.32,176.33,263.05,Health Care,0.67,up
Ameren,AEE,26.651,98.65,98.0,98.08,99.82,69.39,104.1,Utilities,0.66,up
Ball Corporation,BALL,13.379,47.38,47.07,46.93,47.82,43.51,71.32,Materials,0.66,up
Universal Health Services,UHS,11.397,174.8,173.66,172.35,176.75,152.69,243.25,Health Care,0.66,up
Vertex Pharmaceuticals,VRTX,125.738,489.1,485.89,485.08,492.23,377.85,519.88,Health Care,0.66,up
Albemarle Corporation,ALB,6.225,52.91,52.57,51.93,53.83,49.43,137.5,Materials,0.65,up
Hilton Worldwide,HLT,50.427,210.45,209.09,208.88,212.45,193.86,275.22,Consumer Discretionary,0.65,up
Martin Marietta Materials,MLM,29.951,494.24,491.07,488.27,498.69,441.95,633.23,Materials,0.65,up
Take-Two Interactive,TTWO,37.553,212.77,211.4,211.46,214.8,135.24,220.93,Communication Services,0.65,up
Corpay,CPAY,21.688,308.73,306.77,305.04,311.3,247.1,400.81,Financials,0.64,up
Delta Air Lines,DAL,26.673,40.85,40.59,40.21,41.21,34.74,69.98,Industrials,0.64,up
Paycom,PAYC,12.271,216.91,215.53,213.89,218.25,139.5,242.74,Industrials,0.64,up
Alliant Energy,LNT,15.618,60.8,60.42,60.29,61.77,48.25,66.54,Utilities,0.63,up
Sherwin-Williams,SHW,83.848,333.38,331.28,330.61,335.97,282.09,400.42,Materials,0.63,up
Gen Digital,GEN,15.069,24.45,24.3,24.23,24.58,19.58,31.72,Information Technology,0.62,up
Williams Companies,WMB,71.557,58.62,58.26,58.41,60.0,37.27,61.67,Energy,0.62,up
Air Products,APD,58.489,262.9,261.32,262.36,265.74,228.48,341.14,Materials,0.6,up
Charles Schwab Corporation,SCHW,138.282,76.15,75.7,76.15,79.1,61.01,84.5,Financials,0.59,up
Consolidated Edison,ED,40.378,112.1,111.44,111.4,113.39,87.28,114.87,Utilities,0.59,up
Corning Inc.,GLW,35.573,41.52,41.28,41.33,42.04,30.72,55.33,Information Technology,0.58,up
Waste Management,WM,92.902,230.91,229.57,229.29,232.56,196.59,239.32,Industrials,0.58,up
Vulcan Materials Company,VMC,31.959,241.93,240.55,239.13,243.75,215.08,298.31,Materials,0.57,up
Kinder Morgan,KMI,60.218,27.1,26.95,26.71,27.67,17.95,31.48,Energy,0.56,up
Hartford (The),HIG,33.62,117.8,117.15,116.67,118.87,94.47,125.08,Financials,0.55,up
Jacobs Solutions,J,14.365,117.22,116.58,116.57,118.53,106.23,150.54,Industrials,0.55,up
Northrop Grumman,NOC,77.891,540.39,537.51,530.08,544.76,418.6,555.57,Industrials,0.54,up
PNC Financial Services,PNC,60.291,152.33,151.54,151.67,153.82,145.12,216.26,Financials,0.52,up
Royal Caribbean Group,RCL,51.858,192.69,191.7,189.81,195.01,127.1,277.08,Consumer Discretionary,0.52,up
Yum! Brands,YUM,39.914,143.31,142.57,141.96,144.9,122.13,163.3,Consumer Discretionary,0.52,up
Cintas,CTAS,83.083,205.76,204.72,204.59,207.5,162.16,228.12,Industrials,0.51,up
W. R. Berkley Corporation,WRB,26.091,68.8,68.45,68.13,69.44,50.73,76.38,Financials,0.51,up
Keysight Technologies,KEYS,23.409,135.46,134.79,134.98,136.95,119.72,186.2,Information Technology,0.5,up
AT&T,T,195.5,27.15,27.02,27.01,27.49,16.09,29.03,Communication Services,0.48,up
Fair Isaac,FICO,46.654,1908.69,1899.78,1888.27,1931.07,1105.65,2402.52,Information Technology,0.47,up
Edwards Lifesciences,EW,41.899,71.53,71.2,70.65,72.15,58.93,95.25,Health Care,0.46,up
A. O. Smith,AOS,9.062,63.14,62.86,62.93,63.69,58.83,92.45,Industrials,0.45,up
Amphenol,APH,78.838,65.06,64.77,64.57,66.0,54.72,79.39,Information Technology,0.45,up
Cummins,CMI,38.817,281.81,280.56,280.8,285.33,260.02,387.9,Industrials,0.45,up
Illinois Tool Works,ITW,67.721,230.84,229.8,230.49,233.82,214.66,279.13,Industrials,0.45,up
Pfizer,PFE,125.566,22.14,22.04,22.1,22.55,20.92,31.54,Health Care,0.45,up
CME Group,CME,94.611,262.53,261.39,261.44,265.21,190.7,273.42,Financials,0.44,up
Ventas,VTR,29.733,67.93,67.63,67.44,68.61,42.05,71.36,Real Estate,0.44,up
Copart,CPRT,57.656,59.68,59.44,59.44,60.31,48.05,64.38,Industrials,0.4,up
Public Service Enterprise Group,PEG,41.56,83.36,83.03,83.26,84.76,64.81,95.22,Utilities,0.4,up
Ansys,ANSS,26.536,302.74,301.59,301.78,307.05,275.06,363.03,Information Technology,0.38,up
Cadence Design Systems,CDNS,71.382,260.22,259.26,257.88,263.16,221.56,328.99,Information Technology,0.37,up
CBRE Group,CBRE,35.269,117.62,117.21,116.48,119.33,84.24,147.75,Real Estate,0.35,up
Berkshire Hathaway,BRK.B,1118.0,518.21,516.45,514.57,523.79,396.35,539.0,Financials,0.34,up
Franklin Resources,BEN,9.252,17.61,17.55,17.51,17.87,16.25,25.69,Financials,0.34,up
McKesson Corporation,MCK,87.362,697.08,694.7,686.64,701.89,464.42,728.32,Health Care,0.34,up
Lamb Weston,LW,7.558,53.56,53.4,53.35,54.27,47.9,89.51,Consumer Staples,0.3,up
Verisign,VRSN,23.219,246.67,245.93,244.81,247.97,167.05,258.67,Information Technology,0.3,up
Ameriprise Financial,AMP,44.511,464.56,463.22,463.12,471.74,385.74,582.05,Financials,0.29,up
Intuitive Surgical,ISRG,172.954,482.74,481.34,481.39,489.24,364.17,616.0,Health Care,0.29,up
PG&E Corporation,PCG,37.866,17.23,17.18,17.22,17.49,14.99,21.72,Utilities,0.29,up
Parker Hannifin,PH,72.237,561.0,559.45,560.99,570.42,488.45,718.44,Industrials,0.28,up
Teledyne Technologies,TDY,21.648,462.19,460.89,457.81,465.71,355.41,522.5,Information Technology,0.28,up
Verisk Analytics,VRSK,41.007,293.02,292.23,290.57,295.74,217.34,306.68,Industrials,0.27,up
Cardinal Health,CAH,32.542,134.71,134.36,133.64,136.54,93.17,139.5,Health Care,0.26,up
EQT Corporation,EQT,30.458,50.98,50.85,50.82,51.76,30.02,56.66,Energy,0.26,up
Broadridge Financial Solutions,BR,27.599,235.85,235.29,235.02,238.72,188.3,247.01,Industrials,0.24,up
Packaging Corporation of America,PKG,16.834,187.19,186.74,186.52,189.32,169.0,250.82,Materials,0.24,up
Veralto,VLTO,22.211,89.54,89.33,89.23,90.37,83.86,115.0,Industrials,0.24,up
Allstate,ALL,51.59,194.66,194.24,193.16,196.73,156.66,212.91,Financials,0.22,up
Johnson Controls,JCI,50.718,76.83,76.66,76.59,77.85,59.83,91.14,Industrials,0.22,up
American International Group,AIG,47.367,81.14,80.97,80.67,82.16,69.0,88.07,Financials,0.21,up
Arch Capital Group,ACGL,34.78,92.57,92.38,91.39,93.3,82.49,116.47,Financials,0.21,up
Bank of America,BAC,282.823,37.41,37.33,37.24,37.87,33.07,48.08,Financials,0.21,up
Cigna,CI,89.501,330.13,329.44,324.45,333.51,262.03,370.83,Health Care,0.21,up
Dominion Energy,D,45.312,53.17,53.06,52.5,53.98,47.99,61.97,Utilities,0.21,up
Skyworks Solutions,SWKS,8.597,55.98,55.86,55.17,57.0,47.93,120.86,Information Technology,0.21,up
Analog Devices,ADI,87.426,176.27,175.93,173.58,178.34,158.65,247.1,Information Technology,0.19,up
Chipotle Mexican Grill,CMG,65.287,48.17,48.08,47.48,48.54,44.46,69.26,Consumer Discretionary,0.19,up
Chubb Limited,CB,114.432,285.59,285.07,282.34,287.29,238.85,306.91,Financials,0.18,up
Roper Technologies,ROP,59.839,557.24,556.27,556.43,564.39,499.47,595.17,Information Technology,0.17,up
Tyler Technologies,TYL,24.579,570.2,569.29,568.42,577.27,399.77,661.31,Information Technology,0.16,up
Loews Corporation,L,17.946,85.32,85.2,85.09,86.26,73.15,92.42,Financials,0.14,up
Intercontinental Exchange,ICE,91.138,158.64,158.44,158.05,160.8,124.34,177.45,Financials,0.13,up
Teradyne,TER,11.459,71.25,71.16,70.49,71.79,65.77,163.21,Information Technology,0.13,up
Motorola Solutions,MSI,70.284,420.95,420.45,419.41,426.36,332.98,507.82,Information Technology,0.12,up
Cincinnati Financial,CINF,20.704,132.24,132.11,131.59,133.79,109.93,161.75,Financials,0.1,up
IBM,IBM,221.44,238.81,238.57,237.4,241.77,162.62,266.45,Information Technology,0.1,up
Kellanova,K,28.435,82.37,82.29,82.22,82.52,55.96,83.22,Consumer Staples,0.1,up
TransDigm Group,TDG,75.022,1337.66,1336.3,1333.8,1359.81,1176.31,1451.32,Industrials,0.1,up
Aflac,AFL,58.642,107.44,107.34,107.01,109.23,80.11,115.5,Financials,0.09,up
Molson Coors Beverage Company,TAP,11.912,58.75,58.71,58.68,59.7,49.19,65.24,Consumer Staples,0.07,up
Nordson Corporation,NDSN,10.29,180.81,180.69,179.56,182.67,165.03,279.38,Industrials,0.07,up
Fortinet,FTNT,73.921,96.13,96.07,95.8,97.32,54.57,114.82,Information Technology,0.06,up
Hubbell Incorporated,HUBB,18.16,338.97,338.78,337.1,342.21,299.42,481.35,Industrials,0.06,up
Airbnb,ABNB,70.025,112.7,112.64,111.86,113.99,99.88,166.74,Consumer Discretionary,0.05,up
Globe Life,GL,10.093,121.25,121.22,120.28,122.71,63.27,133.76,Financials,0.02,up
Cisco,CSCO,221.829,55.76,55.76,55.69,56.4,44.5,66.5,Information Technology,0.0,up
Citizens Financial Group,CFG,15.515,35.45,35.46,35.41,36.0,32.6,49.25,Financials,-0.03,down
Jack Henry & Associates,JKHY,12.526,171.83,171.88,170.35,173.7,157.0,196.0,Financials,-0.03,down
Waters Corporation,WAT,19.099,321.01,321.1,315.24,324.48,279.24,423.56,Health Care,-0.03,down
Eastman Chemical Company,EMN,8.863,76.76,76.79,76.49,78.1,70.9,114.5,Materials,-0.04,down
FactSet,FDS,16.205,427.05,427.23,425.67,430.93,391.69,499.87,Financials,-0.04,down
International Paper,IP,24.43,46.28,46.3,46.2,47.08,33.16,60.36,Materials,-0.04,down
Stryker Corporation,SYK,132.255,346.5,346.67,343.19,351.04,314.93,406.19,Health Care,-0.05,down
"Tesla, Inc.",TSLA,776.371,241.37,241.55,237.68,244.34,138.8,488.54,Consumer Discretionary,-0.07,down
Deere & Company,DE,122.698,452.07,452.42,451.52,458.87,340.2,515.05,Industrials,-0.08,down
EPAM Systems,EPAM,8.333,147.16,147.28,145.58,148.29,138.15,269.0,Information Technology,-0.08,down
IDEX Corporation,IEX,12.385,163.95,164.08,163.63,165.47,153.36,238.22,Industrials,-0.08,down
Trimble Inc.,TRMB,14.312,58.23,58.28,58.0,58.96,48.65,77.78,Information Technology,-0.09,down
Medtronic,MDT,105.938,82.6,82.7,82.12,83.32,75.96,96.25,Health Care,-0.12,down
Boston Scientific,BSX,140.689,95.12,95.25,94.68,96.06,66.8,107.17,Health Care,-0.14,down
"F5, Inc.",FFIV,14.909,258.61,258.98,256.7,262.83,159.01,313.0,Information Technology,-0.14,down
Pentair,PNR,13.257,80.36,80.47,80.23,81.61,72.63,110.71,Industrials,-0.14,down
Republic Services,RSG,76.017,243.28,243.61,242.89,245.33,180.92,249.73,Industrials,-0.14,down
Gartner,IT,30.951,401.65,402.29,400.97,407.01,366.05,584.01,Information Technology,-0.16,down
Meta Platforms,META,1271.0,501.48,502.31,498.01,507.3,414.5,740.91,Communication Services,-0.17,down
3M,MMM,70.225,130.21,130.46,130.08,132.95,90.65,156.35,Industrials,-0.19,down
Moody's Corporation,MCO,76.428,424.86,425.69,421.75,431.24,360.05,531.93,Financials,-0.19,down
General Dynamics,GD,74.095,276.08,276.63,273.35,278.39,239.2,316.9,Industrials,-0.2,down
Agilent Technologies,A,29.217,102.48,102.7,101.36,103.5,96.43,155.35,Health Care,-0.21,down
Dexcom,DXCM,26.887,68.57,68.73,66.54,68.77,57.52,139.24,Health Care,-0.23,down
Erie Indemnity,ERIE,21.489,410.95,411.88,408.72,417.88,345.09,547.0,Financials,-0.23,down
NRG Energy,NRG,19.931,97.86,98.09,97.1,100.67,65.11,117.26,Utilities,-0.23,down
GoDaddy,GDDY,24.282,171.78,172.2,171.27,173.95,119.76,216.0,Information Technology,-0.24,down
Monolithic Power Systems,MPWR,25.062,523.58,524.86,514.72,539.82,438.86,959.64,Information Technology,-0.24,down
S&P Global,SPGI,141.957,462.88,463.98,461.03,467.54,407.69,545.39,Financials,-0.24,down
Bristol Myers Squibb,BMY,100.171,49.23,49.36,49.06,50.09,39.35,63.33,Health Care,-0.26,down
Autodesk,ADSK,55.267,259.47,260.16,258.14,262.35,195.32,326.62,Information Technology,-0.27,down
RTX Corporation,RTX,172.08,128.89,129.25,127.7,130.5,99.07,136.17,Industrials,-0.28,down
Truist Financial,TFC,46.863,35.9,36.0,35.07,36.54,33.56,49.06,Financials,-0.28,down
Automatic Data Processing,ADP,119.327,293.28,294.14,292.96,296.1,231.27,322.84,Industrials,-0.29,down
PTC Inc.,PTC,17.274,143.56,143.98,142.92,144.87,133.38,203.09,Information Technology,-0.29,down
L3Harris,LHX,40.963,218.22,218.88,214.64,220.04,193.09,265.74,Industrials,-0.3,down
Eaton Corporation,ETN,105.119,268.32,269.16,265.99,272.0,231.85,379.99,Industrials,-0.31,down
Gilead Sciences,GILD,130.323,104.54,104.88,103.52,105.75,62.07,119.96,Health Care,-0.32,down
Leidos,LDOS,17.876,139.42,139.9,138.04,140.4,123.28,202.9,Industrials,-0.34,down
GE Aerospace,GE,193.894,181.79,182.45,181.59,184.24,146.78,214.21,Industrials,-0.36,down
Vistra Corp.,VST,39.261,115.42,115.87,114.0,120.18,64.26,199.84,Utilities,-0.39,down
Cboe Global Markets,CBOE,22.73,217.07,217.97,217.03,219.91,166.13,234.37,Financials,-0.41,down
Quest Diagnostics,DGX,18.178,163.8,164.47,162.47,165.6,125.42,178.87,Health Care,-0.41,down
Ametek,AME,36.414,157.81,158.52,157.42,160.53,145.02,198.33,Industrials,-0.45,down
Intuit,INTU,163.65,585.38,588.08,584.83,593.86,532.65,714.78,Information Technology,-0.46,down
Juniper Networks,JNPR,11.438,34.33,34.49,34.3,34.9,33.42,39.79,Information Technology,-0.46,down
Paychex,PAYX,52.192,144.9,145.57,144.61,146.81,115.4,158.37,Industrials,-0.46,down
Akamai Technologies,AKAM,10.734,73.46,73.81,73.2,74.3,67.51,106.8,Information Technology,-0.47,down
Southwest Airlines,LUV,14.199,24.74,24.86,24.28,25.14,23.58,36.12,Industrials,-0.48,down
Visa Inc.,V,635.821,329.61,331.33,328.44,334.32,252.7,366.54,Financials,-0.52,down
Applied Materials,AMAT,111.678,137.46,138.19,136.94,139.65,123.74,255.89,Information Technology,-0.53,down
Dover Corporation,DOV,22.078,161.08,161.96,160.62,163.8,143.04,222.31,Industrials,-0.54,down
Howmet Aerospace,HWM,49.911,123.23,123.93,122.99,125.14,62.8,140.55,Industrials,-0.56,down
Synopsys,SNPS,63.908,413.32,415.65,412.1,421.78,365.74,624.8,Information Technology,-0.56,down
Fox Corporation (Class A),FOXA,20.917,47.97,48.26,47.9,48.63,30.39,58.74,Communication Services,-0.6,down
American Express,AXP,176.196,251.31,252.92,247.1,255.61,217.18,326.27,Financials,-0.64,down
Fiserv,FI,116.552,208.66,210.11,204.68,212.51,145.98,238.59,Financials,-0.69,down
Assurant,AIZ,9.613,188.97,190.32,188.6,191.71,160.12,230.55,Financials,-0.71,down
Fifth Third Bancorp,FITB,22.696,34.15,34.4,33.27,34.74,32.25,49.07,Financials,-0.73,down
Micron Technology,MU,76.889,68.8,69.33,67.0,70.48,61.54,157.54,Information Technology,-0.76,down
Cognizant,CTSH,34.346,69.44,70.01,69.17,70.25,63.79,90.82,Information Technology,-0.81,down
Quanta Services,PWR,39.619,267.22,269.45,264.61,271.43,227.08,365.88,Industrials,-0.83,down
Becton Dickinson,BDX,57.057,198.71,200.4,198.4,201.28,193.03,251.99,Health Care,-0.84,down
Oracle Corporation,ORCL,360.68,128.62,129.76,128.47,131.3,112.78,198.31,Information Technology,-0.88,down
Advanced Micro Devices,AMD,142.155,87.5,88.29,86.51,89.03,76.48,187.28,Information Technology,-0.89,down
Arista Networks,ANET,89.792,71.2,71.87,70.44,72.51,59.43,133.57,Information Technology,-0.93,down
Expedia Group,EXPE,19.477,151.15,152.57,148.45,154.57,107.25,207.73,Consumer Discretionary,-0.93,down
Amazon,AMZN,1832.0,172.61,174.33,172.0,176.21,151.61,242.52,Consumer Discretionary,-0.99,down
Accenture,ACN,176.758,282.35,285.24,281.77,286.67,275.01,398.35,Information Technology,-1.01,down
Arthur J. Gallagher & Co.,AJG,84.193,329.22,332.66,326.58,332.85,232.27,350.7,Financials,-1.03,down
Microsoft,MSFT,2734.0,367.78,371.61,366.89,374.32,344.79,468.35,Information Technology,-1.03,down
Salesforce,CRM,237.617,247.26,249.84,246.82,251.55,212.0,369.0,Information Technology,-1.03,down
United Airlines Holdings,UAL,21.727,66.3,66.99,64.75,68.28,37.02,116.0,Industrials,-1.03,down
DaVita,DVA,11.202,140.03,141.5,136.54,141.59,125.64,179.6,Health Care,-1.04,down
Eversource Energy,ES,21.085,57.44,58.06,57.36,58.69,52.28,69.01,Utilities,-1.07,down
CrowdStrike,CRWD,93.106,375.62,379.84,373.1,384.94,200.81,455.59,Information Technology,-1.11,down
Mettler Toledo,MTD,20.944,1004.96,1016.65,1003.44,1018.53,946.69,1546.93,Health Care,-1.15,down
Willis Towers Watson,WTW,31.901,321.0,324.73,318.11,325.76,245.04,344.14,Financials,-1.15,down
KLA Corporation,KLAC,84.308,634.43,642.19,631.62,649.19,551.33,896.32,Information Technology,-1.21,down
Palo Alto Networks,PANW,111.028,167.69,169.76,167.13,171.37,137.6,208.39,Information Technology,-1.22,down
Supermicro,SMCI,18.698,31.5,31.89,30.44,32.15,17.25,101.4,Information Technology,-1.22,down
Freeport-McMoRan,FCX,47.28,32.9,33.32,32.37,33.58,27.66,55.24,Materials,-1.26,down
Brown & Brown,BRO,33.599,117.22,118.8,117.07,118.64,80.87,125.68,Financials,-1.33,down
GE Vernova,GEV,88.441,323.55,327.91,321.78,339.99,132.11,447.5,Industrials,-1.33,down
Alphabet Inc. (Class A),GOOGL,1854.0,151.16,153.33,148.5,154.68,140.53,207.05,Communication Services,-1.42,down
Aon plc,AON,79.361,367.41,372.82,362.27,371.85,268.06,412.97,Financials,-1.45,down
Dayforce,DAY,8.57,54.15,55.0,54.12,55.22,47.08,82.69,Industrials,-1.55,down
Newmont,NEM,62.089,55.08,55.95,54.76,56.19,36.6,58.72,Materials,-1.55,down
Intel,INTC,82.546,18.93,19.23,18.56,19.1,17.67,37.16,Information Technology,-1.56,down
Labcorp,LH,18.166,217.12,220.57,216.92,220.41,191.97,258.59,Health Care,-1.56,down
Insulet Corporation,PODD,17.332,246.8,250.73,234.22,248.96,160.19,289.46,Health Care,-1.57,down
CVS Health,CVS,84.946,67.29,68.55,64.0,67.82,43.56,71.45,Health Care,-1.84,down
Moderna,MRNA,9.555,24.72,25.19,24.43,25.28,23.15,170.47,Health Care,-1.87,down
Amgen,AMGN,149.085,277.29,282.64,268.58,278.68,253.3,346.85,Health Care,-1.89,down
Revvity,RVTY,11.032,91.82,93.68,91.74,93.85,89.61,129.5,Health Care,-1.99,down
Danaher Corporation,DHR,133.668,186.83,190.66,185.83,189.54,171.0,281.7,Health Care,-2.01,down
Broadcom,AVGO,803.986,170.99,174.61,169.92,176.25,119.76,251.88,Information Technology,-2.07,down
Centene Corporation,CNC,30.111,60.7,61.98,58.53,61.57,55.03,80.59,Health Care,-2.07,down
Lam Research,LRCX,81.846,63.76,65.14,63.48,65.38,56.32,113.0,Information Technology,-2.12,down
Thermo Fisher Scientific,TMO,161.378,427.5,436.79,425.05,436.02,409.85,627.88,Health Care,-2.13,down
Axon Enterprise,AXON,43.454,559.53,571.85,556.39,578.2,273.52,715.99,Industrials,-2.15,down
Elevance Health,ELV,96.108,424.53,435.04,393.0,437.99,362.21,567.26,Health Care,-2.42,down
Lockheed Martin,LMT,108.861,464.08,477.08,449.04,469.67,418.88,618.95,Industrials,-2.72,down
Nvidia,NVDA,2476.0,101.49,104.49,100.05,104.47,75.61,153.13,Information Technology,-2.87,down
"Workday, Inc.",WDAY,58.791,221.02,227.71,220.28,228.6,199.81,294.0,Information Technology,-2.94,down
IQVIA,IQV,25.373,143.91,148.44,143.51,149.22,135.97,252.88,Health Care,-3.05,down
Molina Healthcare,MOH,17.624,322.19,332.38,313.5,328.51,262.32,370.99,Health Care,-3.07,down
ServiceNow,NOW,159.839,772.16,796.66,769.34,800.06,637.99,1198.09,Information Technology,-3.08,down
West Pharmaceutical Services,WST,14.596,201.9,209.13,193.05,206.93,187.43,394.42,Health Care,-3.46,down
Progressive Corporation,PGR,155.616,265.45,275.13,265.13,274.02,201.34,292.99,Financials,-3.52,down
Bio-Techne,TECH,7.604,48.1,49.97,47.7,50.0,46.44,85.57,Health Care,-3.74,down
Marsh McLennan,MMC,108.473,220.07,231.32,213.32,224.78,196.72,248.0,Financials,-4.86,down
Humana,HUM,31.921,264.48,285.61,256.21,270.32,213.31,406.46,Health Care,-7.4,down
Snap-on,SNA,16.01,305.44,332.0,301.18,320.0,252.98,373.9,Industrials,-8.0,down
Global Payments,GPN,17.079,69.46,84.12,68.49,76.72,68.49,127.66,Financials,-17.43,down
UnitedHealth Group,UNH,415.38,454.11,585.04,447.12,489.53,438.5,630.73,Health Care,-22.38,down
